<?xml version="1.0" encoding="UTF-8"?>
<OpenSearchDescription xmlns="http://a9.com/-/spec/opensearch/1.1/"
                       xmlns:moz="http://www.mozilla.org/2006/browser/search/">
  <ShortName>Project-Maker</ShortName>
  <Description>Search Project-Maker</Description>
  <InputEncoding>UTF-8</InputEncoding>
  <Image width="16" height="16" type="image/x-icon">https://project-maker.fr/docs/img/logoV2.png</Image>
  <Url type="text/html" method="get" template="https://project-maker.fr/docs/search?q={searchTerms}"/>
  <Url type="application/opensearchdescription+xml" rel="self" template="https://project-maker.fr/docs/opensearch.xml" />
  <moz:SearchForm>https://project-maker.fr/docs/</moz:SearchForm>
</OpenSearchDescription>